-- Airport Management System --
-- DB Design Fall 2016--

USE TEST;

CREATE TABLE AIRPORT
(AP_NAME VARCHAR(100) NOT NULL,
STATE VARCHAR(15), 
COUNTRY VARCHAR(30),
CNAME VARCHAR(15),
PRIMARY KEY(AP_NAME)
);



INSERT INTO AIRPORT (AP_NAME, STATE, COUNTRY, CNAME) VALUES('Louisville International Airport','Kentucky','United States','Louisville');
INSERT INTO AIRPORT (AP_NAME, STATE, COUNTRY, CNAME) VALUES('Chandigarh International Airport','Chandigarh','India','Chandigarh');
INSERT INTO AIRPORT (AP_NAME, STATE, COUNTRY, CNAME) VALUES('Dallas/Fort Worth International Airport','Texas','United States','Fort Worth');
INSERT INTO AIRPORT (AP_NAME, STATE, COUNTRY, CNAME) VALUES('Indira GandhiInternational Airport','Delhi','India','Delhi');
INSERT INTO AIRPORT (AP_NAME, STATE, COUNTRY, CNAME) VALUES('Chhatrapati Shivaji International Airport','Maharashtra','India','Mumbai');
INSERT INTO AIRPORT (AP_NAME, STATE, COUNTRY, CNAME) VALUES('San Francisco International Airport','California', 'United States','San Francisco');
INSERT INTO AIRPORT (AP_NAME, STATE, COUNTRY, CNAME) VALUES('Frankfurt Airport','Hesse','Germany','Frankfurt');
INSERT INTO AIRPORT (AP_NAME, STATE, COUNTRY, CNAME) VALUES('George Bush Intercontinental Airport','Texas','United States','Houston');
INSERT INTO AIRPORT (AP_NAME, STATE, COUNTRY, CNAME) VALUES('John F. Kennedy International Airport','New York','United States','New York City');
INSERT INTO AIRPORT (AP_NAME, STATE, COUNTRY, CNAME) VALUES('Tampa International Airport','Florida', 'United States','Tampa');


CREATE TABLE AIRLINE
(AIRLINEID VARCHAR(3) NOT NULL,
AL_NAME VARCHAR(50),
THREE_DIGIT_CODE VARCHAR(3),
PRIMARY KEY(AIRLINEID));

-- Insering values for Table: AIRLINE --

INSERT INTO AIRLINE (AIRLINEID, AL_NAME, THREE_DIGIT_CODE) VALUES('AA','American Airlines','001');
INSERT INTO AIRLINE (AIRLINEID, AL_NAME, THREE_DIGIT_CODE) VALUES('AI','Air India Limited','098');
INSERT INTO AIRLINE (AIRLINEID, AL_NAME, THREE_DIGIT_CODE) VALUES('LH','Lufthansa', '220');
INSERT INTO AIRLINE (AIRLINEID, AL_NAME, THREE_DIGIT_CODE) VALUES('BA','British Airways','125');
INSERT INTO AIRLINE (AIRLINEID, AL_NAME, THREE_DIGIT_CODE) VALUES('QR','Qatar Airways','157');
INSERT INTO AIRLINE (AIRLINEID, AL_NAME, THREE_DIGIT_CODE) VALUES('9W','Jet Airways','589');
INSERT INTO AIRLINE (AIRLINEID, AL_NAME, THREE_DIGIT_CODE) VALUES('EK','Emirates','176');
INSERT INTO AIRLINE (AIRLINEID, AL_NAME, THREE_DIGIT_CODE) VALUES('EY','Ethiad Airways','607');




CREATE TABLE FLIGHT
(FLIGHT_CODE VARCHAR(10) NOT NULL,
SOURCE VARCHAR(3),
DESTINATION VARCHAR(3),
ARRIVAL VARCHAR(10),
DEPARTURE VARCHAR(10),
STATUS VARCHAR(10),
DURATION VARCHAR(30),
FLIGHTTYPE VARCHAR(10),
LAYOVER_TIME VARCHAR(30),
NO_OF_STOPS INT,
AIRLINEID VARCHAR(3),
PRIMARY KEY(FLIGHT_CODE),
FOREIGN KEY(AIRLINEID) REFERENCES AIRLINE(AIRLINEID) ON DELETE CASCADE);


INSERT INTO FLIGHT(FLIGHT_CODE, SOURCE, DESTINATION, ARRIVAL, DEPARTURE, STATUS, DURATION, FLIGHTTYPE, LAYOVER_TIME, NO_OF_STOPS, AIRLINEID)
VALUES('AI2014','BOM','DFW','02:10','03:15','On-time','24hr','Connecting',3,1,'AI');


INSERT INTO FLIGHT(FLIGHT_CODE, SOURCE, DESTINATION, ARRIVAL, DEPARTURE, STATUS, DURATION, FLIGHTTYPE, LAYOVER_TIME, NO_OF_STOPS, AIRLINEID)
VALUES('QR2305','BOM','DFW','13:00','13:55','Delayed','21hr','Non-stop',0,0,'QR');


INSERT INTO FLIGHT(FLIGHT_CODE, SOURCE, DESTINATION, ARRIVAL, DEPARTURE, STATUS, DURATION, FLIGHTTYPE, LAYOVER_TIME, NO_OF_STOPS, AIRLINEID)
VALUES('EY1234','JFK','TPA','19:20','20:05','On-time','16hrs','Connecting',5,2,'EY');


INSERT INTO FLIGHT(FLIGHT_CODE, SOURCE, DESTINATION, ARRIVAL, DEPARTURE, STATUS, DURATION, FLIGHTTYPE, LAYOVER_TIME, NO_OF_STOPS, AIRLINEID)
VALUES('LH9876','JFK','BOM','05:50','06:35','On-time','18hrs','Non-stop',0,0,'LH');


INSERT INTO FLIGHT(FLIGHT_CODE, SOURCE, DESTINATION, ARRIVAL, DEPARTURE, STATUS, DURATION, FLIGHTTYPE, LAYOVER_TIME, NO_OF_STOPS, AIRLINEID)
VALUES('BA1689','FRA','DEL','10:20','10:55','On-time','14hrs','Non-stop',0,0,'BA');


INSERT INTO FLIGHT(FLIGHT_CODE, SOURCE, DESTINATION, ARRIVAL, DEPARTURE, STATUS, DURATION, FLIGHTTYPE, LAYOVER_TIME, NO_OF_STOPS, AIRLINEID)
VALUES('AA4367','SFO','FRA','18:10','18:55','On-time','21hrs','Non-stop',0,0,'AA');


INSERT INTO FLIGHT(FLIGHT_CODE, SOURCE, DESTINATION, ARRIVAL, DEPARTURE, STATUS, DURATION, FLIGHTTYPE, LAYOVER_TIME, NO_OF_STOPS, AIRLINEID)
VALUES('QR1902','IXC','IAH','22:00','22:50','Delayed','28hrs','Non-stop',5,1,'QR');


INSERT INTO FLIGHT(FLIGHT_CODE, SOURCE, DESTINATION, ARRIVAL, DEPARTURE, STATUS, DURATION, FLIGHTTYPE, LAYOVER_TIME, NO_OF_STOPS, AIRLINEID)
VALUES('BA3056','BOM','DFW','02:15','02:55','On-time','29hrs','Connecting',3,1,'BA');


INSERT INTO FLIGHT(FLIGHT_CODE, SOURCE, DESTINATION, ARRIVAL, DEPARTURE, STATUS, DURATION, FLIGHTTYPE, LAYOVER_TIME, NO_OF_STOPS, AIRLINEID)
VALUES('EK3456','BOM','SFO','18:50','19:40','On-time','30hrs','Non-stop',0,0,'EK');


INSERT INTO FLIGHT(FLIGHT_CODE, SOURCE, DESTINATION, ARRIVAL, DEPARTURE, STATUS, DURATION, FLIGHTTYPE, LAYOVER_TIME, NO_OF_STOPS, AIRLINEID)
VALUES('9W2334','IAH','DEL','23:00','13:45','On-time','23hrs','Direct',0,0,'9W');




CREATE TABLE PASSENGER2
(PASSPORTNO VARCHAR(10) NOT NULL,
FNAME VARCHAR(20),
LNAME VARCHAR(20),
ADDRESS VARCHAR(100),
PHONE VARCHAR(10),
AGE INT,
SEX VARCHAR(1),
PID INT NOT NULL AUTO_INCREMENT,
PRIMARY KEY(PID,PASSPORTNO));


INSERT INTO PASSENGER2(PASSPORTNO,FNAME,LNAME,ADDRESS,PHONE,AGE,SEX)
VALUES('A1234568','ALEN','SMITH','2230 NORTHSIDE, APT 11, ALBANY, NY',8080367290,30,'M');

INSERT INTO PASSENGER2(PASSPORTNO,FNAME,LNAME,ADDRESS,PHONE,AGE,SEX)
VALUES('B9876541','ANKITA','AHIR','3456 VIKAS APTS, APT 102,DOMBIVLI, INDIA',8080367280,26,'F');

INSERT INTO PASSENGER2(PASSPORTNO,FNAME,LNAME,ADDRESS,PHONE,AGE,SEX)
VALUES('C2345698','KHYATI','MISHRA','7820 MCCALLUM COURTS, APT 234, AKRON, OH',8082267280,30,'F');

INSERT INTO PASSENGER2(PASSPORTNO,FNAME,LNAME,ADDRESS,PHONE,AGE,SEX)
VALUES('D1002004','ANKITA','PATIL','7720 MCCALLUM BLVD, APT 1082, DALLAS, TX',9080367266,23,'F');

INSERT INTO PASSENGER2(PASSPORTNO,FNAME,LNAME,ADDRESS,PHONE,AGE,SEX)
VALUES('X9324666','TEJASHREE','PANDIT','9082 ESTAES OF RICHARDSON, RICHARDSON, TX',9004360125,28,'F');

INSERT INTO PASSENGER2(PASSPORTNO,FNAME,LNAME,ADDRESS,PHONE,AGE,SEX)
VALUES('B8765430','LAKSHMI','SHARMA','1110 FIR HILLS, APT 903, AKRON, OH',7666190505,30,'F');

INSERT INTO PASSENGER2(PASSPORTNO,FNAME,LNAME,ADDRESS,PHONE,AGE,SEX)
VALUES('J9801235','AKHILESH','JOSHI','345 CHATHAM COURTS, APT 678, MUMBAI, INDIA',9080369290,29,'M');

INSERT INTO PASSENGER2(PASSPORTNO,FNAME,LNAME,ADDRESS,PHONE,AGE,SEX)
VALUES('A1122334','MANAN','LAKHANI','5589 CHTHAM REFLECTIONS, APT 349 HOUSTON, TX',9004335126,25,'F');

INSERT INTO PASSENGER2(PASSPORTNO,FNAME,LNAME,ADDRESS,PHONE,AGE,SEX)
VALUES('Q1243567','KARAN','MOTANI','4444 FRANKFORD VILLA, APT 77, GUILDERLAND, NY',9727626643,22,'M');

INSERT INTO PASSENGER2(PASSPORTNO,FNAME,LNAME,ADDRESS,PHONE,AGE,SEX)
VALUES('S1243269','ROM','SOLANKI','7720 MCCALLUM BLVD, APT 2087, DALLAS, TX',9004568903,60,'M');


INSERT INTO PASSENGER2(PASSPORTNO,FNAME,LNAME,ADDRESS,PHONE,AGE,SEX)
VALUES('E3277889','John','GATES','1234 BAKER APTS, APT 59, HESSE, GERMANY',9724569986,10,'M');

INSERT INTO PASSENGER2(PASSPORTNO,FNAME,LNAME,ADDRESS,PHONE,AGE,SEX)
VALUES('K3212322','SARA','GOMES','6785 SPLITSVILLA, APT 34, MIAMI, FL',9024569226,15,'F');

INSERT INTO PASSENGER2(PASSPORTNO,FNAME,LNAME,ADDRESS,PHONE,AGE,SEX)
VALUES('P3452390','ALIA','BHAT','548 MARKET PLACE, SAN Francisco, CA',9734567800,10,'F');

INSERT INTO PASSENGER2(PASSPORTNO,FNAME,LNAME,ADDRESS,PHONE,AGE,SEX)
VALUES('W7543336','JOHN','SMITH','6666 ROCK HILL, APT 2902, TAMPA, FL',4624569986,55,'M');

INSERT INTO PASSENGER2(PASSPORTNO,FNAME,LNAME,ADDRESS,PHONE,AGE,SEX)
VALUES('R8990566','RIA','GUPTA','3355 PALENCIA, APT 2065, MUMBAI, INDIA',4724512343,10,'M');

CREATE TABLE PASSENGER3
(PID INT NOT NULL,
FLIGHT_CODE VARCHAR(10),
PRIMARY KEY(PID),
FOREIGN KEY(FLIGHT_CODE) REFERENCES FLIGHT(FLIGHT_CODE) ON DELETE CASCADE);

-- INSERTING VALUES INTO TABLE: PASSENGER3--

INSERT INTO PASSENGER3(PID, FLIGHT_CODE) VALUES(1,'AI2014');
INSERT INTO PASSENGER3(PID, FLIGHT_CODE) VALUES(2,'LH9876');
INSERT INTO PASSENGER3(PID, FLIGHT_CODE) VALUES(3,'9W2334');
INSERT INTO PASSENGER3(PID, FLIGHT_CODE) VALUES(4,'QR1902');
INSERT INTO PASSENGER3(PID, FLIGHT_CODE) VALUES(5,'EY1234');
INSERT INTO PASSENGER3(PID, FLIGHT_CODE) VALUES(6,'BA3056');
INSERT INTO PASSENGER3(PID, FLIGHT_CODE) VALUES(7,'9W2334');
INSERT INTO PASSENGER3(PID, FLIGHT_CODE) VALUES(8,'AA4367');
INSERT INTO PASSENGER3(PID, FLIGHT_CODE) VALUES(9,'QR1902');
INSERT INTO PASSENGER3(PID, FLIGHT_CODE) VALUES(10,'EK3456');
INSERT INTO PASSENGER3(PID, FLIGHT_CODE) VALUES(11,'BA1689');
INSERT INTO PASSENGER3(PID, FLIGHT_CODE) VALUES(12,'QR1902');
INSERT INTO PASSENGER3(PID, FLIGHT_CODE) VALUES(13,'AI2014');
INSERT INTO PASSENGER3(PID, FLIGHT_CODE) VALUES(14,'BA1689');
INSERT INTO PASSENGER3(PID, FLIGHT_CODE) VALUES(15,'QR2305');



CREATE TABLE EMPLOYEE1
(SSN INT NOT NULL,
FNAME VARCHAR(20),
LNAME VARCHAR(20),
ADDRESS VARCHAR(100),
PHONE VARCHAR(10),
AGE INT,
SEX VARCHAR(1),
JOBTYPE VARCHAR(30),
PRIMARY KEY(SSN)
);

INSERT INTO EMPLOYEE1(SSN, FNAME, LNAME, ADDRESS, PHONE, AGE, SEX, JOBTYPE)
VALUES(123456789,'LINDA','GOODMAN','731 Fondren, Houston, TX',4356789345, 35, 'F','ADMINISTRATIVE SUPPORT');

INSERT INTO EMPLOYEE1(SSN, FNAME, LNAME, ADDRESS, PHONE, AGE, SEX, JOBTYPE)
VALUES(333445555,'JOHNY','PAUL','638 Voss, Houston, TX',9834561995, 40, 'M','ADMINISTRATIVE SUPPORT');

INSERT INTO EMPLOYEE1(SSN, FNAME, LNAME, ADDRESS, PHONE, AGE, SEX, JOBTYPE)
VALUES(999887777,'JAMES','BOND','3321 Castle, Spring, TX',9834666995, 50, 'M','ENGINEER');


INSERT INTO EMPLOYEE1(SSN, FNAME, LNAME, ADDRESS, PHONE, AGE, SEX, JOBTYPE)
VALUES(987654321,'SHERLOCK','HOLMES','123 TOP HILL, SAN Francisco,CA',8089654321, 47, 'M','TRAFFIC MONITOR');

INSERT INTO EMPLOYEE1(SSN, FNAME, LNAME, ADDRESS, PHONE, AGE, SEX, JOBTYPE)
VALUES(666884444,'SHELDON','COOPER','345 CHERRY PARK, HESSE,GERMANY',1254678903, 55, 'M','TRAFFIC MONITOR');


INSERT INTO EMPLOYEE1(SSN, FNAME, LNAME, ADDRESS, PHONE, AGE, SEX, JOBTYPE)
VALUES(453453453,'RAJ','SHARMA','345 FLOYDS, MUMBAI,INDIA',4326789031, 35, 'M','AIRPORT AUTHORITY');


INSERT INTO EMPLOYEE1(SSN, FNAME, LNAME, ADDRESS, PHONE, AGE, SEX, JOBTYPE)
VALUES(987987987,'NIKITA','PAUL','110 SYNERGY PARK, DALLAS,TX',5678904325, 33, 'F','ENGINEER');


INSERT INTO EMPLOYEE1(SSN, FNAME, LNAME, ADDRESS, PHONE, AGE, SEX, JOBTYPE)
VALUES(888665555,'SHUBHAM','GUPTA','567 CHANDANI CHOWK, DELHI, INDIA',8566778890, 39, 'M','ADMINISTRATIVE SUPPORT');

INSERT INTO EMPLOYEE1(SSN, FNAME, LNAME, ADDRESS, PHONE, AGE, SEX, JOBTYPE)
VALUES(125478909,'PRATIK','GOMES','334 VITRUVIAN PARK, ALBANY, NY',4444678903, 56, 'M','TRAFFIC MONITOR');

INSERT INTO EMPLOYEE1(SSN, FNAME, LNAME, ADDRESS, PHONE, AGE, SEX, JOBTYPE)
VALUES(324567897,'ADIT','DESAI','987 SOMNATH, CHANDIGARH, INDIA',2244658909, 36, 'M','TRAFFIC MONITOR');





CREATE TABLE TICKET1
(TICKET_NUMBER VARCHAR(15) NOT NULL,
SOURCE VARCHAR(3),
DESTINATION VARCHAR(3),
DATE_OF_TRAVEL DATE,
SEATNO VARCHAR(5),
CLASS VARCHAR(15),
PID INT,
PASSPORTNO VARCHAR(10),
PRIMARY KEY(TICKET_NUMBER),
FOREIGN KEY(PID, PASSPORTNO) REFERENCES PASSENGER2(PID, PASSPORTNO) ON DELETE CASCADE);


INSERT INTO TICKET1(TICKET_NUMBER, SOURCE, DESTINATION, DATE_OF_TRAVEL, SEATNO, CLASS, PID, PASSPORTNO)
VALUES(0011234111122,'BOM','DFW','15-12-16','32A','ECONOMY',1,'A1234568');

INSERT INTO TICKET1(TICKET_NUMBER, SOURCE, DESTINATION, DATE_OF_TRAVEL, SEATNO, CLASS, PID, PASSPORTNO)
VALUES(0984567222299,'JFK','BOM','20-12-16','45D','ECONOMY',2,'B9876541');

INSERT INTO TICKET1(TICKET_NUMBER, SOURCE, DESTINATION, DATE_OF_TRAVEL, SEATNO, CLASS, PID, PASSPORTNO)
VALUES(1768901333273,'IAH','DEL','25-12-16','1A','BUSINESS',3,'C2345698');

INSERT INTO TICKET1(TICKET_NUMBER, SOURCE, DESTINATION, DATE_OF_TRAVEL, SEATNO, CLASS, PID, PASSPORTNO)
VALUES(5890987441464,'IXC','IAH','12-1-17','20C','FIRST-CLASS',4,'D1002004');

INSERT INTO TICKET1(TICKET_NUMBER, SOURCE, DESTINATION, DATE_OF_TRAVEL, SEATNO, CLASS, PID, PASSPORTNO)
VALUES(1577654664266,'JFK','TPA','10-12-16','54E','ECONOMY',5,'X9324666');

INSERT INTO TICKET1(TICKET_NUMBER, SOURCE, DESTINATION, DATE_OF_TRAVEL, SEATNO, CLASS, PID, PASSPORTNO)
VALUES(2206543545545,'BOM','DFW','12-2-17','43B','ECONOMY',6,'B8765430');

INSERT INTO TICKET1(TICKET_NUMBER, SOURCE, DESTINATION, DATE_OF_TRAVEL, SEATNO, CLASS, PID, PASSPORTNO)
VALUES(7064321779737,'IAH','DEL','25-12-16','27B','FIRST-CLASS',7,'J9801235');

INSERT INTO TICKET1(TICKET_NUMBER, SOURCE, DESTINATION, DATE_OF_TRAVEL, SEATNO, CLASS, PID, PASSPORTNO)
VALUES(1571357215116,'SFO','FRA','18-12-16','34E','ECONOMY',8,'A1122334');

INSERT INTO TICKET1(TICKET_NUMBER, SOURCE, DESTINATION, DATE_OF_TRAVEL, SEATNO, CLASS, PID, PASSPORTNO)
VALUES(1570864987655,'IXC','IAH','30-12-16','54C','ECONOMY',9,'Q1243567');

INSERT INTO TICKET1(TICKET_NUMBER, SOURCE, DESTINATION, DATE_OF_TRAVEL, SEATNO, CLASS, PID, PASSPORTNO)
VALUES(1579283997799,'BOM','SFO','15-12-16','38A','ECONOMY',10,'S1243269');

INSERT INTO TICKET1(TICKET_NUMBER, SOURCE, DESTINATION, DATE_OF_TRAVEL, SEATNO, CLASS, PID, PASSPORTNO)
VALUES(1255701876107,'FRA','DEL','31-12-16','57F','ECONOMY',11,'E3277889');

INSERT INTO TICKET1(TICKET_NUMBER, SOURCE, DESTINATION, DATE_OF_TRAVEL, SEATNO, CLASS, PID, PASSPORTNO)
VALUES(1251334499699,'IXC','IAH','12-1-17','45D','ECONOMY',12,'K3212322');

INSERT INTO TICKET1(TICKET_NUMBER, SOURCE, DESTINATION, DATE_OF_TRAVEL, SEATNO, CLASS, PID, PASSPORTNO)
VALUES(1258776199490,'BOM','DFW','15-12-16','37C','ECONOMY',13,'P3452390');

INSERT INTO TICKET1(TICKET_NUMBER, SOURCE, DESTINATION, DATE_OF_TRAVEL, SEATNO, CLASS, PID, PASSPORTNO)
VALUES(5891155114477,'FRA','DEL','23-12-16','55C','ECONOMY',14,'W7543336');

INSERT INTO TICKET1(TICKET_NUMBER, SOURCE, DESTINATION, DATE_OF_TRAVEL, SEATNO, CLASS, PID, PASSPORTNO)
VALUES(5893069766787,'BOM','DFW','22-12-16','33F','ECONOMY',15,'R8990566');





